feature,mean_abs_shap
lag_1,41065.80494672459
lag_12,10697.335858744591
rolling_3,3559.5742218736887
pct_change_12,3104.6942578847697
month,2864.5862332814745
month_cos,2755.4770846863034
pct_change_1,2754.2298478948583
lag_2,2315.4173820325054
rolling_6,1416.0475267067757
year,621.3873832155749
lag_3,530.2370855307072
month_sin,461.9485429439522
