{
  "mae": 15864.721879930285,
  "rmse": 19255.197274564336,
  "mape": 0.10553207631039603,
  "r2": 0.8418789711939914
}